Year;Industry_aggregation_NZSIOC;Industry_code_NZSIOC;Industry_name_NZSIOC;Units;Variable_code;Variable_category;Value
2018;Level 3;AA11;Horticulture and Fruit Growing;Dollars (millions);H01;Financial performance;4432
2018;Level 3;AA11;Horticulture and Fruit Growing;Dollars (millions);H01;Financial performance;4432
2018;Level 3;AA11;Horticulture and Fruit Growing;Dollars (millions);H04;Financial performance;4119
2018;Level 3;AA11;Horticulture and Fruit Growing;Dollars (millions);H05;Financial performance;
2018;Level 3;AA11;Horticulture and Fruit Growing;Dollars (millions);H07;Financial performance;211
2018;Level 3;AA11;Horticulture and Fruit Growing;Dollars (millions);H08;Financial performance;3579
2018;Level 3;AA11;Horticulture and Fruit Growing;Dollars (millions);H08;Financial performance;3579
2018;Level 3;AA11;Horticulture and Fruit Growing;Dollars (millions);H09;Financial performance;180
2018;Level 3;AA11;Horticulture and Fruit Growing;Dollars (millions);H10;Financial performance;33
2018;Level 3;AA11;Horticulture and Fruit Growing;Dollars (millions);H11;Financial performance;200
2018;Level 3;AA11;Horticulture and Fruit Growing;Dollars (millions);H11;Financial performance;200
2018;Level 3;AA11;Horticulture and Fruit Growing;Dollars (millions);H12;Financial performance;744
2018;Level 3;AA11;Horticulture and Fruit Growing;Dollars (millions);H13;Financial performance;0
2018;Level 3;AA11;Horticulture and Fruit Growing;Dollars (millions);H19;Financial performance;2408
2018;Level 3;AA11;Horticulture and Fruit Growing;Dollars (millions);H20;Financial performance;14
2018;Level 3;AA11;Horticulture and Fruit Growing;Dollars (millions);H21;Financial performance;317
2018;Level 3;AA11;Horticulture and Fruit Growing;Dollars (millions);H22;Financial performance;317
2018;Level 3;AA11;Horticulture and Fruit Growing;Dollars (millions);H23;Financial performance;854
2018;Level 3;AA11;Horticulture and Fruit Growing;Dollars (millions);H24;Financial position;13187
2018;Level 3;AA11;Horticulture and Fruit Growing;Dollars (millions);H25;Financial position;2352
2018;Level 3;AA11;Horticulture and Fruit Growing;Dollars (millions);H26;Financial position;8714
2018;Level 3;AA11;Horticulture and Fruit Growing;Dollars (millions);H29;Financial position;2121
2018;Level 3;AA11;Horticulture and Fruit Growing;Dollars (millions);H30;Financial position;13187
2018;Level 3;AA11;Horticulture and Fruit Growing;Dollars (millions);H31;Financial position;6107
2018;Level 3;AA11;Horticulture and Fruit Growing;Dollars (millions);H32;Financial position;3213
2018;Level 3;AA11;Horticulture and Fruit Growing;Dollars (millions);H33;Financial position;3867
2018;Level 3;AA11;Horticulture and Fruit Growing;Dollars;H34;Financial ratios;179700
2018;Level 3;AA11;Horticulture and Fruit Growing;Dollars;H35;Financial ratios;
2018;Level 3;AA11;Horticulture and Fruit Growing;Percentage;H36;Financial ratios;73
2018;Level 3;AA11;Horticulture and Fruit Growing;Percentage;H37;Financial ratios;63
2018;Level 3;AA11;Horticulture and Fruit Growing;Percentage;H39;Financial ratios;14
2018;Level 3;AA11;Horticulture and Fruit Growing;Percentage;H40;Financial ratios;6
2018;Level 3;AA11;Horticulture and Fruit Growing;Percentage;H41;Financial ratios;46
2018;Level 4;AA111;Horticulture and Fruit Growing;Dollars (millions);H01;Financial performance;4432
2018;Level 4;AA111;Horticulture and Fruit Growing;Dollars (millions);H04;Financial performance;4119
2018;Level 4;AA111;Horticulture and Fruit Growing;Dollars (millions);H05;Financial performance;101
2018;Level 4;AA111;Horticulture and Fruit Growing;Dollars (millions);H07;Financial performance;211
2018;Level 4;AA111;Horticulture and Fruit Growing;Dollars (millions);H08;Financial performance;3579
2018;Level 4;AA111;Horticulture and Fruit Growing;Dollars (millions);H09;Financial performance;180
2018;Level 4;AA111;Horticulture and Fruit Growing;Dollars (millions);H10;Financial performance;
2018;Level 4;AA111;Horticulture and Fruit Growing;Dollars (millions);H11;Financial performance;200
2018;Level 4;AA111;Horticulture and Fruit Growing;Dollars (millions);H12;Financial performance;744
2018;Level 4;AA111;Horticulture and Fruit Growing;Dollars (millions);H13;Financial performance;0
2018;Level 4;AA111;Horticulture and Fruit Growing;Dollars (millions);H13;Financial performance;0
2018;Level 4;AA111;Horticulture and Fruit Growing;Dollars (millions);H19;Financial performance;2408
2018;Level 4;AA111;Horticulture and Fruit Growing;Dollars (millions);H20;Financial performance;14
2018;Level 4;AA111;Horticulture and Fruit Growing;Dollars (millions);H21;Financial performance;317
2018;Level 4;AA111;Horticulture and Fruit Growing;Dollars (millions);H22;Financial performance;317
2018;Level 4;AA111;Horticulture and Fruit Growing;Dollars (millions);H23;Financial performance;854
2018;Level 4;AA111;Horticulture and Fruit Growing;Dollars (millions);H24;Financial position;13187
2018;Level 4;AA111;Horticulture and Fruit Growing;Dollars (millions);H25;Financial position;2352
2018;Level 4;AA111;Horticulture and Fruit Growing;Dollars (millions);H26;Financial position;8714
2018;Level 4;AA111;Horticulture and Fruit Growing;Dollars (millions);H29;Financial position;2121
2018;Level 4;AA111;Horticulture and Fruit Growing;Dollars (millions);H30;Financial position;13187
2018;Level 4;AA111;Horticulture and Fruit Growing;Dollars (millions);H31;Financial position;6107
2018;Level 4;AA111;Horticulture and Fruit Growing;Dollars (millions);H32;Financial position;3213
2018;Level 4;AA111;Horticulture and Fruit Growing;Dollars (millions);H33;Financial position;3867
2018;Level 4;AA111;Horticulture and Fruit Growing;Dollars;H34;Financial ratios;179700
2018;Level 4;AA111;Horticulture and Fruit Growing;Dollars;H35;Financial ratios;34600
2018;Level 4;AA111;Horticulture and Fruit Growing;Percentage;H36;Financial ratios;73
2018;Level 4;AA111;Horticulture and Fruit Growing;Percentage;H37;Financial ratios;63
2018;Level 4;AA111;Horticulture and Fruit Growing;Percentage;H39;Financial ratios;14
2018;Level 4;AA111;Horticulture and Fruit Growing;Percentage;H40;Financial ratios;6
2018;Level 4;AA111;Horticulture and Fruit Growing;Percentage;H41;Financial ratios;46
2018;Level 3;AA12;Sheep, Beef Cattle and Grain Farming;Dollars (millions);H01;Financial performance;11555
2018;Level 3;AA12;Sheep, Beef Cattle and Grain Farming;Dollars (millions);H04;Financial performance;10812
2018;Level 3;AA12;Sheep, Beef Cattle and Grain Farming;Dollars (millions);H05;Financial performance;135
2018;Level 3;AA12;Sheep, Beef Cattle and Grain Farming;Dollars (millions);H07;Financial performance;608
2018;Level 3;AA12;Sheep, Beef Cattle and Grain Farming;Dollars (millions);H08;Financial performance;9867
2018;Level 3;AA12;Sheep, Beef Cattle and Grain Farming;Dollars (millions);H09;Financial performance;
2018;Level 3;AA12;Sheep, Beef Cattle and Grain Farming;Dollars (millions);H10;Financial performance;178
2018;Level 3;AA12;Sheep, Beef Cattle and Grain Farming;Dollars (millions);H11;Financial performance;526
2018;Level 3;AA12;Sheep, Beef Cattle and Grain Farming;Dollars (millions);H12;Financial performance;998
2018;Level 3;AA12;Sheep, Beef Cattle and Grain Farming;Dollars (millions);H12;Financial performance;998
2018;Level 3;AA12;Sheep, Beef Cattle and Grain Farming;Dollars (millions);H13;Financial performance;
2018;Level 3;AA12;Sheep, Beef Cattle and Grain Farming;Dollars (millions);H19;Financial performance;7416
2018;Level 3;AA12;Sheep, Beef Cattle and Grain Farming;Dollars (millions);H20;Financial performance;50
2018;Level 3;AA12;Sheep, Beef Cattle and Grain Farming;Dollars (millions);H21;Financial performance;6246
2018;Level 3;AA12;Sheep, Beef Cattle and Grain Farming;Dollars (millions);H22;Financial performance;6393
2018;Level 3;AA12;Sheep, Beef Cattle and Grain Farming;Dollars (millions);H23;Financial performance;1835
2018;Level 3;AA12;Sheep, Beef Cattle and Grain Farming;Dollars (millions);H24;Financial position;56454
2018;Level 3;AA12;Sheep, Beef Cattle and Grain Farming;Dollars (millions);H25;Financial position;12803
2018;Level 3;AA12;Sheep, Beef Cattle and Grain Farming;Dollars (millions);H26;Financial position;35858
2018;Level 3;AA12;Sheep, Beef Cattle and Grain Farming;Dollars (millions);H29;Financial position;7793
2018;Level 3;AA12;Sheep, Beef Cattle and Grain Farming;Dollars (millions);H30;Financial position;56454
2018;Level 3;AA12;Sheep, Beef Cattle and Grain Farming;Dollars (millions);H31;Financial position;31056
2018;Level 3;AA12;Sheep, Beef Cattle and Grain Farming;Dollars (millions);H32;Financial position;9333
2018;Level 3;AA12;Sheep, Beef Cattle and Grain Farming;Dollars (millions);H33;Financial position;16065
2018;Level 3;AA12;Sheep, Beef Cattle and Grain Farming;Dollars;H34;Financial ratios;542300
2018;Level 3;AA12;Sheep, Beef Cattle and Grain Farming;Dollars;H35;Financial ratios;86100
2018;Level 3;AA12;Sheep, Beef Cattle and Grain Farming;Percentage;H36;Financial ratios;137
2018;Level 3;AA12;Sheep, Beef Cattle and Grain Farming;Percentage;H37;Financial ratios;69
2018;Level 3;AA12;Sheep, Beef Cattle and Grain Farming;Percentage;H39;Financial ratios;6
2018;Level 3;AA12;Sheep, Beef Cattle and Grain Farming;Percentage;H40;Financial ratios;3
2018;Level 3;AA12;Sheep, Beef Cattle and Grain Farming;Percentage;H41;Financial ratios;55
2018;Level 4;AA121;Sheep, Beef Cattle and Grain Farming;Dollars (millions);H01;Financial performance;11555
2018;Level 4;AA121;Sheep, Beef Cattle and Grain Farming;Dollars (millions);H04;Financial performance;10812
2018;Level 4;AA121;Sheep, Beef Cattle and Grain Farming;Dollars (millions);H05;Financial performance;135
2018;Level 4;AA121;Sheep, Beef Cattle and Grain Farming;Dollars (millions);H07;Financial performance;608
2018;Level 4;AA121;Sheep, Beef Cattle and Grain Farming;Dollars (millions);H08;Financial performance;9867
2018;Level 4;AA121;Sheep, Beef Cattle and Grain Farming;Dollars (millions);H09;Financial performance;699
2018;Level 4;AA121;Sheep, Beef Cattle and Grain Farming;Dollars (millions);H10;Financial performance;178
2018;Level 4;AA121;Sheep, Beef Cattle and Grain Farming;Dollars (millions);H11;Financial performance;526
2018;Level 4;AA121;Sheep, Beef Cattle and Grain Farming;Dollars (millions);H11;Financial performance;526
2018;Level 4;AA121;Sheep, Beef Cattle and Grain Farming;Dollars (millions);H12;Financial performance;998
2018;Level 4;AA121;Sheep, Beef Cattle and Grain Farming;Dollars (millions);H13;Financial performance;0
2018;Level 4;AA121;Sheep, Beef Cattle and Grain Farming;Dollars (millions);H13;Financial performance;0
2018;Level 4;AA121;Sheep, Beef Cattle and Grain Farming;Dollars (millions);H19;Financial performance;7416
2018;Level 4;AA121;Sheep, Beef Cattle and Grain Farming;Dollars (millions);H20;Financial performance;
2018;Level 4;AA121;Sheep, Beef Cattle and Grain Farming;Dollars (millions);H21;Financial performance;6246
2018;Level 4;AA121;Sheep, Beef Cattle and Grain Farming;Dollars (millions);H22;Financial performance;6393
2018;Level 4;AA121;Sheep, Beef Cattle and Grain Farming;Dollars (millions);H23;Financial performance;1835
2018;Level 4;AA121;Sheep, Beef Cattle and Grain Farming;Dollars (millions);H24;Financial position;56454
2018;Level 4;AA121;Sheep, Beef Cattle and Grain Farming;Dollars (millions);H25;Financial position;12803
2018;Level 4;AA121;Sheep, Beef Cattle and Grain Farming;Dollars (millions);H26;Financial position;35858
2018;Level 4;AA121;Sheep, Beef Cattle and Grain Farming;Dollars (millions);H29;Financial position;7793
2018;Level 4;AA121;Sheep, Beef Cattle and Grain Farming;Dollars (millions);H30;Financial position;56454
2018;Level 4;AA121;Sheep, Beef Cattle and Grain Farming;Dollars (millions);H31;Financial position;31056
2018;Level 4;AA121;Sheep, Beef Cattle and Grain Farming;Dollars (millions);H32;Financial position;9333
2018;Level 4;AA121;Sheep, Beef Cattle and Grain Farming;Dollars (millions);H33;Financial position;16065
2018;Level 4;AA121;Sheep, Beef Cattle and Grain Farming;Dollars;H34;Financial ratios;542300
2018;Level 4;AA121;Sheep, Beef Cattle and Grain Farming;Dollars;H35;Financial ratios;86100
2018;Level 4;AA121;Sheep, Beef Cattle and Grain Farming;Percentage;H36;Financial ratios;137
2018;Level 4;AA121;Sheep, Beef Cattle and Grain Farming;Percentage;H37;Financial ratios;69
2018;Level 4;AA121;Sheep, Beef Cattle and Grain Farming;Percentage;H39;Financial ratios;6
2018;Level 4;AA121;Sheep, Beef Cattle and Grain Farming;Percentage;H40;Financial ratios;3
2018;Level 4;AA121;Sheep, Beef Cattle and Grain Farming;Percentage;H41;Financial ratios;55
2018;Level 3;AA13;Dairy Cattle Farming;Dollars (millions);H01;Financial performance;13537
2018;Level 3;AA13;Dairy Cattle Farming;Dollars (millions);H04;Financial performance;13011
2018;Level 3;AA13;Dairy Cattle Farming;Dollars (millions);H05;Financial performance;181
2018;Level 3;AA13;Dairy Cattle Farming;Dollars (millions);H07;Financial performance;345
2018;Level 3;AA13;Dairy Cattle Farming;Dollars (millions);H08;Financial performance;11658
2018;Level 3;AA13;Dairy Cattle Farming;Dollars (millions);H09;Financial performance;1568
2018;Level 3;AA13;Dairy Cattle Farming;Dollars (millions);H09;Financial performance;1568
2018;Level 3;AA13;Dairy Cattle Farming;Dollars (millions);H10;Financial performance;
2018;Level 3;AA13;Dairy Cattle Farming;Dollars (millions);H11;Financial performance;633
2018;Level 3;AA13;Dairy Cattle Farming;Dollars (millions);H12;Financial performance;1442
2018;Level 3;AA13;Dairy Cattle Farming;Dollars (millions);H13;Financial performance;0
2018;Level 3;AA13;Dairy Cattle Farming;Dollars (millions);H19;Financial performance;7807
2018;Level 3;AA13;Dairy Cattle Farming;Dollars (millions);H20;Financial performance;35
2018;Level 3;AA13;Dairy Cattle Farming;Dollars (millions);H21;Financial performance;6521
2018;Level 3;AA13;Dairy Cattle Farming;Dollars (millions);H22;Financial performance;6388
2018;Level 3;AA13;Dairy Cattle Farming;Dollars (millions);H23;Financial performance;1746
2018;Level 3;AA13;Dairy Cattle Farming;Dollars (millions);H24;Financial position;64724
2018;Level 3;AA13;Dairy Cattle Farming;Dollars (millions);H25;Financial position;11749
2018;Level 3;AA13;Dairy Cattle Farming;Dollars (millions);H26;Financial position;41237
2018;Level 3;AA13;Dairy Cattle Farming;Dollars (millions);H29;Financial position;11738
2018;Level 3;AA13;Dairy Cattle Farming;Dollars (millions);H30;Financial position;64724
2018;Level 3;AA13;Dairy Cattle Farming;Dollars (millions);H31;Financial position;22473
2018;Level 3;AA13;Dairy Cattle Farming;Dollars (millions);H32;Financial position;10558
2018;Level 3;AA13;Dairy Cattle Farming;Dollars (millions);H33;Financial position;31693
2018;Level 3;AA13;Dairy Cattle Farming;Dollars;H34;Financial ratios;536400
2018;Level 3;AA13;Dairy Cattle Farming;Dollars;H34;Financial ratios;536400
2018;Level 3;AA13;Dairy Cattle Farming;Dollars;H34;Financial ratios;536400
2018;Level 3;AA13;Dairy Cattle Farming;Dollars;H35;Financial ratios;69200
2018;Level 3;AA13;Dairy Cattle Farming;Dollars;H35;Financial ratios;69200
2018;Level 3;AA13;Dairy Cattle Farming;Percentage;H36;Financial ratios;111
2018;Level 3;AA13;Dairy Cattle Farming;Percentage;H37;Financial ratios;51
2018;Level 3;AA13;Dairy Cattle Farming;Percentage;H39;Financial ratios;8
2018;Level 3;AA13;Dairy Cattle Farming;Percentage;H40;Financial ratios;3
2018;Level 3;AA13;Dairy Cattle Farming;Percentage;H41;Financial ratios;35
2018;Level 4;AA131;Dairy Cattle Farming;Dollars (millions);H01;Financial performance;13537
2018;Level 4;AA131;Dairy Cattle Farming;Dollars (millions);H04;Financial performance;13011
2018;Level 4;AA131;Dairy Cattle Farming;Dollars (millions);H05;Financial performance;181
2018;Level 4;AA131;Dairy Cattle Farming;Dollars (millions);H07;Financial performance;345
2018;Level 4;AA131;Dairy Cattle Farming;Dollars (millions);H07;Financial performance;345
2018;Level 4;AA131;Dairy Cattle Farming;Dollars (millions);H08;Financial performance;11658
2018;Level 4;AA131;Dairy Cattle Farming;Dollars (millions);H09;Financial performance;1568
2018;Level 4;AA131;Dairy Cattle Farming;Dollars (millions);H10;Financial performance;172
2018;Level 4;AA131;Dairy Cattle Farming;Dollars (millions);H11;Financial performance;633
2018;Level 4;AA131;Dairy Cattle Farming;Dollars (millions);H12;Financial performance;1442
2018;Level 4;AA131;Dairy Cattle Farming;Dollars (millions);H13;Financial performance;0
2018;Level 4;AA131;Dairy Cattle Farming;Dollars (millions);H19;Financial performance;7807
2018;Level 4;AA131;Dairy Cattle Farming;Dollars (millions);H20;Financial performance;35
2018;Level 4;AA131;Dairy Cattle Farming;Dollars (millions);H21;Financial performance;6521
2018;Level 4;AA131;Dairy Cattle Farming;Dollars (millions);H22;Financial performance;6388
2018;Level 4;AA131;Dairy Cattle Farming;Dollars (millions);H23;Financial performance;1746
2018;Level 4;AA131;Dairy Cattle Farming;Dollars (millions);H24;Financial position;
2018;Level 4;AA131;Dairy Cattle Farming;Dollars (millions);H25;Financial position;11749
2018;Level 4;AA131;Dairy Cattle Farming;Dollars (millions);H26;Financial position;41237
2018;Level 4;AA131;Dairy Cattle Farming;Dollars (millions);H29;Financial position;11738
2018;Level 4;AA131;Dairy Cattle Farming;Dollars (millions);H30;Financial position;64724
2018;Level 4;AA131;Dairy Cattle Farming;Dollars (millions);H31;Financial position;22473
2018;Level 4;AA131;Dairy Cattle Farming;Dollars (millions);H32;Financial position;10558
2018;Level 4;AA131;Dairy Cattle Farming;Dollars (millions);H33;Financial position;31693
2018;Level 4;AA131;Dairy Cattle Farming;Dollars;H34;Financial ratios;536400
2018;Level 4;AA131;Dairy Cattle Farming;Dollars;H35;Financial ratios;69200
2018;Level 4;AA131;Dairy Cattle Farming;Percentage;H36;Financial ratios;111
2018;Level 4;AA131;Dairy Cattle Farming;Percentage;H37;Financial ratios;51
2018;Level 4;AA131;Dairy Cattle Farming;Percentage;H39;Financial ratios;8
2018;Level 4;AA131;Dairy Cattle Farming;Percentage;H40;Financial ratios;3
2018;Level 4;AA131;Dairy Cattle Farming;Percentage;H41;Financial ratios;35
2018;Level 3;AA14;Poultry, Deer and Other Livestock Farming;Dollars (millions);H01;Financial performance;2111
2018;Level 3;AA14;Poultry, Deer and Other Livestock Farming;Dollars (millions);H01;Financial performance;2111
2018;Level 3;AA14;Poultry, Deer and Other Livestock Farming;Dollars (millions);H04;Financial performance;2028
2018;Level 3;AA14;Poultry, Deer and Other Livestock Farming;Dollars (millions);H05;Financial performance;24
2018;Level 3;AA14;Poultry, Deer and Other Livestock Farming;Dollars (millions);H07;Financial performance;59
2018;Level 3;AA14;Poultry, Deer and Other Livestock Farming;Dollars (millions);H08;Financial performance;1868
2018;Level 3;AA14;Poultry, Deer and Other Livestock Farming;Dollars (millions);H08;Financial performance;1868
2018;Level 3;AA14;Poultry, Deer and Other Livestock Farming;Dollars (millions);H09;Financial performance;97
2018;Level 3;AA14;Poultry, Deer and Other Livestock Farming;Dollars (millions);H10;Financial performance;14
2018;Level 3;AA14;Poultry, Deer and Other Livestock Farming;Dollars (millions);H11;Financial performance;104
2018;Level 3;AA14;Poultry, Deer and Other Livestock Farming;Dollars (millions);H12;Financial performance;274
2018;Level 3;AA14;Poultry, Deer and Other Livestock Farming;Dollars (millions);H13;Financial performance;0
2018;Level 3;AA14;Poultry, Deer and Other Livestock Farming;Dollars (millions);H19;Financial performance;1373
2018;Level 3;AA14;Poultry, Deer and Other Livestock Farming;Dollars (millions);H20;Financial performance;6
2018;Level 3;AA14;Poultry, Deer and Other Livestock Farming;Dollars (millions);H21;Financial performance;620
2018;Level 3;AA14;Poultry, Deer and Other Livestock Farming;Dollars (millions);H22;Financial performance;655
2018;Level 3;AA14;Poultry, Deer and Other Livestock Farming;Dollars (millions);H23;Financial performance;277
2018;Level 3;AA14;Poultry, Deer and Other Livestock Farming;Dollars (millions);H24;Financial position;6439
2018;Level 3;AA14;Poultry, Deer and Other Livestock Farming;Dollars (millions);H25;Financial position;1800
2018;Level 3;AA14;Poultry, Deer and Other Livestock Farming;Dollars (millions);H26;Financial position;3754
2018;Level 3;AA14;Poultry, Deer and Other Livestock Farming;Dollars (millions);H29;Financial position;885
2018;Level 3;AA14;Poultry, Deer and Other Livestock Farming;Dollars (millions);H30;Financial position;6439
2018;Level 3;AA14;Poultry, Deer and Other Livestock Farming;Dollars (millions);H31;Financial position;2734
2018;Level 3;AA14;Poultry, Deer and Other Livestock Farming;Dollars (millions);H32;Financial position;1619
2018;Level 3;AA14;Poultry, Deer and Other Livestock Farming;Dollars (millions);H33;Financial position;2086
2018;Level 3;AA14;Poultry, Deer and Other Livestock Farming;Dollars;H34;Financial ratios;344600
2018;Level 3;AA14;Poultry, Deer and Other Livestock Farming;Dollars;H35;Financial ratios;
2018;Level 3;AA14;Poultry, Deer and Other Livestock Farming;Percentage;H36;Financial ratios;111
2018;Level 3;AA14;Poultry, Deer and Other Livestock Farming;Percentage;H37;Financial ratios;71
2018;Level 3;AA14;Poultry, Deer and Other Livestock Farming;Percentage;H39;Financial ratios;10
2018;Level 3;AA14;Poultry, Deer and Other Livestock Farming;Percentage;H40;Financial ratios;4
2018;Level 3;AA14;Poultry, Deer and Other Livestock Farming;Percentage;H41;Financial ratios;42
2018;Level 4;AA141;Poultry, Deer and Other Livestock Farming;Dollars (millions);H01;Financial performance;2111
2018;Level 4;AA141;Poultry, Deer and Other Livestock Farming;Dollars (millions);H04;Financial performance;2028
2018;Level 4;AA141;Poultry, Deer and Other Livestock Farming;Dollars (millions);H05;Financial performance;24
2018;Level 4;AA141;Poultry, Deer and Other Livestock Farming;Dollars (millions);H07;Financial performance;59
2018;Level 4;AA141;Poultry, Deer and Other Livestock Farming;Dollars (millions);H07;Financial performance;59
2018;Level 4;AA141;Poultry, Deer and Other Livestock Farming;Dollars (millions);H08;Financial performance;1868
2018;Level 4;AA141;Poultry, Deer and Other Livestock Farming;Dollars (millions);H09;Financial performance;97
2018;Level 4;AA141;Poultry, Deer and Other Livestock Farming;Dollars (millions);H09;Financial performance;97
2018;Level 4;AA141;Poultry, Deer and Other Livestock Farming;Dollars (millions);H10;Financial performance;14
2018;Level 4;AA141;Poultry, Deer and Other Livestock Farming;Dollars (millions);H10;Financial performance;14
2018;Level 4;AA141;Poultry, Deer and Other Livestock Farming;Dollars (millions);H11;Financial performance;104
2018;Level 4;AA141;Poultry, Deer and Other Livestock Farming;Dollars (millions);H12;Financial performance;274
2018;Level 4;AA141;Poultry, Deer and Other Livestock Farming;Dollars (millions);H13;Financial performance;0
2018;Level 4;AA141;Poultry, Deer and Other Livestock Farming;Dollars (millions);H13;Financial performance;0
2018;Level 4;AA141;Poultry, Deer and Other Livestock Farming;Dollars (millions);H19;Financial performance;1373
2018;Level 4;AA141;Poultry, Deer and Other Livestock Farming;Dollars (millions);H20;Financial performance;6
2018;Level 4;AA141;Poultry, Deer and Other Livestock Farming;Dollars (millions);H21;Financial performance;620
2018;Level 4;AA141;Poultry, Deer and Other Livestock Farming;Dollars (millions);H22;Financial performance;655
2018;Level 4;AA141;Poultry, Deer and Other Livestock Farming;Dollars (millions);H23;Financial performance;277
2018;Level 4;AA141;Poultry, Deer and Other Livestock Farming;Dollars (millions);H24;Financial position;6439
2018;Level 4;AA141;Poultry, Deer and Other Livestock Farming;Dollars (millions);H25;Financial position;1800
2018;Level 4;AA141;Poultry, Deer and Other Livestock Farming;Dollars (millions);H26;Financial position;3754
2018;Level 4;AA141;Poultry, Deer and Other Livestock Farming;Dollars (millions);H29;Financial position;885
2018;Level 4;AA141;Poultry, Deer and Other Livestock Farming;Dollars (millions);H30;Financial position;6439
2018;Level 4;AA141;Poultry, Deer and Other Livestock Farming;Dollars (millions);H31;Financial position;2734
2018;Level 4;AA141;Poultry, Deer and Other Livestock Farming;Dollars (millions);H32;Financial position;1619
2018;Level 4;AA141;Poultry, Deer and Other Livestock Farming;Dollars (millions);H33;Financial position;2086
2018;Level 4;AA141;Poultry, Deer and Other Livestock Farming;Dollars;H34;Financial ratios;344600
2018;Level 4;AA141;Poultry, Deer and Other Livestock Farming;Dollars;H34;Financial ratios;344600
2018;Level 4;AA141;Poultry, Deer and Other Livestock Farming;Dollars;H35;Financial ratios;45200
2018;Level 4;AA141;Poultry, Deer and Other Livestock Farming;Dollars;H35;Financial ratios;45200
2018;Level 4;AA141;Poultry, Deer and Other Livestock Farming;Percentage;H36;Financial ratios;111
2018;Level 4;AA141;Poultry, Deer and Other Livestock Farming;Percentage;H37;Financial ratios;71
2018;Level 4;AA141;Poultry, Deer and Other Livestock Farming;Percentage;H39;Financial ratios;10
2018;Level 4;AA141;Poultry, Deer and Other Livestock Farming;Percentage;H40;Financial ratios;4
2018;Level 4;AA141;Poultry, Deer and Other Livestock Farming;Percentage;H41;Financial ratios;42